QUANTITY,SKU
65,0000U2661G_BIANCO_100
10,GABC01SNAP-AB21_BIANCO_BIANCO
1,M0BQ96K9V31_GRIGIO_G8AZ
74,K50K507399_NERO_BAX
394,119150_NERO_NERO
5,PFPS501_BIANCO_01-WHITE
98,K60K608994_NERO_BAX
3,FW0FW06605F_BIANCO_YBR
7,DM0DM04411_BLU_002
3,DM0DM04411_NERO_078
4,DM0DM04411_NERO_078
79,DM0DM04410_BLU_002
9,NOBIL004MBYM1_GIALLO_YEL001
284,90-1174-000_NERO_0999
15,ROKKO001MBY1_BIANCO_WHI
5,ROKKO001MBY1_BIANCO_WHI
1,ROKKO001MBY1_BIANCO_WHI
63,119150_BLU_NAVY
144,119141_BLU_BLU
111,119141_NERO_BLACK
28,119141_NERO_BLACK
5,119545_BLU_BLU
17,119544_ROSSO_RED-RACE
4,TB0A2AM6_BLU_433
2,AM0AM10306_NERO_BDS
4,NP0A4GMC-RAINFOREST-WINTER-3_ROSSO_RR9
4,USTR207_BLU_DENIM
7,902408-000_BLU_0800
12,902475-000_BLU_0797
2,902475-000_BLU_0802
35,AM0AM10619_NERO_BDS
15,K60K609876_NERO_0GJ
15,XMP305-JS005_NERO_09999
13,XMP011-JS005_BLU_07017
15,K60K610171_NERO_BAX
26,902503-000_BLU_0802
4,AW0AW14169_BLU_DW6
4,J30J322398_AZZURRO_1AA
3,23SWTKAP_BIANCO_1000
3,000QF7013E_GRIGIO_P7A
7,TABRY002M3TH1_BIANCO_WHI
49,ROKKO003M3UT1_GRIGIO_LGR-WHI01
8,ROKKO001M3Y2_BIANCO_WHI-BLK01
11,ROKKO001M3Y2_BIANCO_WHI-BLK01
17,ROKKO001M3Y2_BIANCO_WHI-BLK01
11,ROKKO001M3Y2_NERO_BLK
1,ROKKO001M3Y2_NERO_BLK
5,NOBIL003M3HY4_BLU_BLU
12,NOBIK010K3NH1_NERO_BLK-GOL01
11,NOBIK010K3NH1_NERO_BLK-GOL01
3,ANGIE001WAY1_NERO_BLK-LGO01
26,ANGIE001WAY1_NERO_BLK-LGO01
14,ANGIE001WAY1_NERO_BLK-LGO01
44,ANGIE001WAY1_BIANCO_WHI
55,ANGIE001WAY1_BIANCO_WHI
50,ANGIE001WAY1_BIANCO_WHI
29,ANGIE001WAY1_BIANCO_WHI
11,ANGIE001WAY1_BIANCO_WHI
6,AW0AW14471_NERO_BDS
13,OUTCA4260S94_NERO_N
7,835910_BLU_ROYALE
7,USP-062_ROSA_FUXIA
62,XMR311-JS206_BLU_07017
8,XMF310-FP112_GRIGIO_01001
9,673536-000_AZZURRO_0819
8,673536-000_AZZURRO_0822
24,673536-000_BLU_0790
23,ZG850064_NERO_BLACK
6,J30J323483_NERO_BEH
4,J30J323483_BIANCO_YAF
48,USM-370_NERO_NERO
46,USM-841_NERO_NERO
40,USF175_GRGRIGIOSC
3,USP169_BLBLU
31,USL181_BLBLU
144,901231000_BL0787DARD
1,119150_ROREDRACER
41,119150_BLNAVYREVE
22,119150_ARORANGENA
121,119148_VEARMY
47,119148_VEARMY
149,119148_BLROYAL
93,119148_BLROYAL
8,QA874863_BEDARKTAUP
28,NOBIL003MCHY4_BLBLU005
43,NOBIL003MCHY4_BIWHI
72,23WAXP93_NE2000
21,23WAXP04_BE1001
26,23WAKP12_VE2022
65,0000U2661G_1A978D7_BIANCO100
11,YM0YM00681_BI0LD
4,YM0YM00843_NE00X
1,YM0YM00764_NE00T
7,DM0DM04411_0268617_BLU002
79,DM0DM04410_F98E71B_BLU002
45,120105_VEARMY
16,119141_BLQUARZO
13,119141_GRSILVER
59,119141_GRSILVER
1,J20J222564_NEBEH
14,UST160_BRBRONZO
20,USF901_BIOFFWHITE
1,USTR203_BRBRONZO
24,K50K511256_NE0GL
14,FM0FM04687_01C87FF_NEROBDS
2,FM0FM04687_01C87FF_NEROBDS
14,SS866522_F663417_BEIGELATTE
4,TB0A2AM6_874158C_BLU433
16,YM0YM00681_ECBBD45_NERO0GJ
8,USF882_GISENAPE
12,USF882_GISENAPE
58,24SAKP25_NE2000
64,0000U2661G_BIANCO_100
9,GABC01SNAP-AB21_BIANCO_BIANCO
1,W1RI49I3Z00_NERO_JBLK
72,K50K507399_NERO_BAX
393,119150_NERO_NERO
4,PFPS501_BIANCO_01-WHITE
97,K60K608994_NERO_BAX
2,FW0FW06605F_BIANCO_YBR
6,DM0DM04411_BLU_002
78,DM0DM04410_BLU_002
8,NOBIL004MBYM1_GIALLO_YEL001
283,90-1174-000_NERO_0999
13,ROKKO001MBY1_BIANCO_WHI
3,ROKKO001MBY1_BIANCO_WHI
62,119150_BLU_NAVY
143,119141_BLU_BLU
110,119141_NERO_BLACK
27,119141_NERO_BLACK
4,119545_BLU_BLU
16,119544_ROSSO_RED-RACE
3,TB0A2AM6_BLU_433
1,AM0AM10306_NERO_BDS
3,NP0A4GMC-RAINFOREST-WINTER-3_ROSSO_RR9
3,USTR207_BLU_DENIM
6,902408-000_BLU_0800
10,902475-000_BLU_0797
1,902475-000_BLU_0802
34,AM0AM10619_NERO_BDS
14,K60K609876_NERO_0GJ
14,XMP305-JS005_NERO_09999
12,XMP011-JS005_BLU_07017
6,YW0YW00823F_BIANCO_02T
14,K60K610171_NERO_BAX
25,902503-000_BLU_0802
3,AW0AW14169_BLU_DW6
2,23SWTKAP_BIANCO_1000
2,000QF7013E_GRIGIO_P7A
48,ROKKO003M3UT1_GRIGIO_LGR-WHI01
6,ROKKO001M3Y2_BIANCO_WHI-BLK01
9,ROKKO001M3Y2_BIANCO_WHI-BLK01
15,ROKKO001M3Y2_BIANCO_WHI-BLK01
9,ROKKO001M3Y2_NERO_BLK
4,NOBIL003M3HY4_BLU_BLU
10,NOBIK010K3NH1_NERO_BLK-GOL01
5,NOBIK010K3NH1_NERO_BLK-GOL01
2,ANGIE001WAY1_NERO_BLK-LGO01
18,ANGIE001WAY1_NERO_BLK-LGO01
12,ANGIE001WAY1_NERO_BLK-LGO01
42,ANGIE001WAY1_BIANCO_WHI
52,ANGIE001WAY1_BIANCO_WHI
47,ANGIE001WAY1_BIANCO_WHI
27,ANGIE001WAY1_BIANCO_WHI
10,ANGIE001WAY1_BIANCO_WHI
5,AW0AW14471_NERO_BDS
12,OUTCA4260S94_NERO_N
6,835910_BLU_ROYALE
6,USP-062_ROSA_FUXIA
61,XMR311-JS206_BLU_07017
7,XMF310-FP112_GRIGIO_01001
1,VB850044_NERO_BLACK
3,673538-000_VERDE_0813
10,673536-000_AZZURRO_0819
6,673536-000_AZZURRO_0822
22,673536-000_BLU_0790
22,ZG850064_NERO_BLACK
3,GAM315905_VERDE_7260
5,J30J323483_NERO_BEH
3,J30J323483_BIANCO_YAF
47,USM-370_NERO_NERO
45,USM-841_NERO_NERO
2,UST160_NENERO
39,USF175_GRGRIGIOSC
2,WMF006FP548_VE03067
2,USP169_BLBLU
30,USL181_BLBLU
142,901231000_BL0787DARD
40,119150_BLNAVYREVE
3,119150_ARORANGENA
120,119148_VEARMY
46,119148_VEARMY
1,119148_GIGIALLO
148,119148_BLROYAL
92,119148_BLROYAL
7,QA874863_BEDARKTAUP
27,NOBIL003MCHY4_BLBLU005
71,23WAXP93_NE2000
20,23WAXP04_BE1001
25,23WAKP12_VE2022
64,0000U2661G_1A978D7_BIANCO100
5,23WWEW02_NE2000
9,YM0YM00681_BI0LD
3,YM0YM00843_NE00X
6,DM0DM04411_0268617_BLU002
78,DM0DM04410_F98E71B_BLU002
44,120105_VEARMY
1,119141_BLQUARZO
15,119141_BLQUARZO
9,119141_GRSILVER
13,UST160_BRBRONZO
23,K50K511256_NE0GL
9,FM0FM04687_01C87FF_NEROBDS
13,FM0FM04687_01C87FF_NEROBDS
8,YM0YM00715_E3D722A_NERO0GK
13,SS866522_F663417_BEIGELATTE
3,TB0A2AM6_874158C_BLU433
15,YM0YM00681_ECBBD45_NERO0GJ
35,133101_VEARMY
7,USF882_GISENAPE
57,24SAKP25_NE2000
8,J20J223226_NEBEH
